{
  "version": 1,
  "author": "Muhamad Nurhadi",
  "editor": "wokwi",
  "parts": [
    { "type": "wokwi-breadboard", "id": "bb1", "top": -147, "left": -170, "attrs": {} },
    { "type": "wokwi-arduino-uno", "id": "uno", "top": 125.4, "left": -173.4, "attrs": {} },
    {
      "type": "wokwi-lcd1602",
      "id": "lcd1",
      "top": -224,
      "left": 572,
      "attrs": { "pins": "i2c" }
    },
    { "type": "wokwi-membrane-keypad", "id": "keypad1", "top": -21.2, "left": 600.8, "attrs": {} },
    { "type": "wokwi-led", "id": "led1", "top": -61.2, "left": -121, "attrs": { "color": "red" } },
    {
      "type": "wokwi-led",
      "id": "led2",
      "top": -61.2,
      "left": -63.4,
      "attrs": { "color": "green" }
    },
    { "type": "wokwi-servo", "id": "servo1", "top": -2, "left": 1017.6, "attrs": {} },
    {
      "type": "wokwi-buzzer",
      "id": "bz1",
      "top": -93.6,
      "left": 40.2,
      "attrs": { "volume": "0.1" }
    },
    {
      "type": "wokwi-resistor",
      "id": "r1",
      "top": 13,
      "left": -135.25,
      "rotate": 270,
      "attrs": { "value": "220" }
    },
    {
      "type": "wokwi-resistor",
      "id": "r2",
      "top": 14.4,
      "left": -77.35,
      "rotate": 90,
      "attrs": { "value": "220" }
    }
  ],
  "connections": [
    [ "bz1:1", "bb1:23b.h", "", [ "$bb" ] ],
    [ "bz1:2", "bb1:24b.h", "", [ "$bb" ] ],
    [ "uno:GND.1", "bb1:bn.1", "black", [ "v-57.6", "h-66.9" ] ],
    [ "uno:5V", "bb1:bp.1", "red", [ "v47.9", "h-197.8", "v-326.4", "h28.8" ] ],
    [ "uno:A4.2", "lcd1:SDA", "green", [ "v-38.4", "h594.8", "v-268.8", "h28.8" ] ],
    [ "uno:A5.2", "lcd1:SCL", "green", [ "v-67.2", "h585.6", "v-220.8", "h9.6" ] ],
    [ "bb1:bp.2", "lcd1:VCC", "green", [ "v-20.1", "h642.4", "v-201.6" ] ],
    [ "bb1:bn.2", "lcd1:GND", "green", [ "v37.1", "h652", "v-288" ] ],
    [ "keypad1:R1", "uno:9", "green", [ "v19.2", "h-115.2", "v-220.8", "h-595.2" ] ],
    [ "uno:8", "keypad1:R2", "green", [ "v-28.8", "h566.8", "v240", "h144" ] ],
    [ "keypad1:R3", "uno:7", "green", [ "v38.4", "h-173.1", "v-230.4", "h-537.6" ] ],
    [ "uno:6", "keypad1:R4", "green", [ "v19.2", "h512.5", "v220.8", "h201.6", "v-9.6" ] ],
    [ "keypad1:C1", "uno:5", "green", [ "v76.8", "h-211.3", "v-249.6", "h-19.2" ] ],
    [ "uno:4", "keypad1:C2", "green", [ "v28.8", "h464.7", "v240", "h259.2" ] ],
    [ "keypad1:C3", "uno:3", "green", [ "v105.6", "h-268.95", "v-249.6", "h-432" ] ],
    [ "uno:2", "keypad1:C4", "green", [ "v48", "h407.3", "v240", "h307.2" ] ],
    [ "r1:1", "bb1:bn.3", "", [ "$bb" ] ],
    [ "r1:2", "bb1:5b.h", "", [ "$bb" ] ],
    [ "led1:A", "bb1:6b.g", "", [ "$bb" ] ],
    [ "led1:C", "bb1:5b.g", "", [ "$bb" ] ],
    [ "led2:A", "bb1:12b.g", "", [ "$bb" ] ],
    [ "led2:C", "bb1:11b.g", "", [ "$bb" ] ],
    [ "r2:1", "bb1:11b.h", "", [ "$bb" ] ],
    [ "r2:2", "bb1:bn.8", "", [ "$bb" ] ],
    [ "uno:10", "bb1:12b.h", "green", [ "v0" ] ],
    [ "uno:11", "bb1:6b.h", "green", [ "v-105.6", "h-47.4" ] ],
    [ "uno:12", "servo1:PWM", "green", [ "v67.2", "h470.9", "v259.2", "h556.8", "v-57.6" ] ],
    [ "bb1:bp.5", "servo1:V+", "green", [ "v-365.7", "h1064.8", "v384", "h48" ] ],
    [ "bb1:bn.5", "servo1:GND", "green", [ "v-356.5", "h1026.4", "v345.6", "h28.8" ] ],
    [ "bb1:bn.17", "bb1:23b.i", "green", [ "v0" ] ],
    [ "uno:13", "bb1:24b.i", "green", [ "v-105.6", "h125.2" ] ]
  ],
  "dependencies": {}
}